CVE_ID,Time,Execution,Analyzer,Lenght
CVE-2010-4740,24,1,HUMAN,213
CVE-2015-0979,15,1,HUMAN,176
CVE-2015-0980,76,1,HUMAN,219
CVE-2015-0981,39,1,HUMAN,195
CVE-2015-4174,19,1,HUMAN,233
CVE-2016-4494,15,1,HUMAN,#N/D
CVE-2016-4495,25,1,HUMAN,#N/D
CVE-2017-9946,34,1,HUMAN,289
CVE-2017-9947,37,1,HUMAN,342
CVE-2018-10238,46,1,HUMAN,534
CVE-2018-18878,25,1,HUMAN,228
CVE-2018-7276,18,1,HUMAN,241
CVE-2018-8880,30,1,HUMAN,200
CVE-2019-13939,420,1,HUMAN,1678
CVE-2020-28388,47,1,HUMAN,602
CVE-2020-7233,18,1,HUMAN,132
CVE-2020-7574,23,1,HUMAN,692
CVE-2020-7575,25,1,HUMAN,716
CVE-2021-27391,58,1,HUMAN,757
CVE-2021-31344,196,1,HUMAN,1719
CVE-2021-31345,584,1,HUMAN,1762
CVE-2021-31346,371,1,HUMAN,1835
CVE-2021-31881,480,1,HUMAN,1636
CVE-2021-31882,272,1,HUMAN,1659
CVE-2021-31883,298,1,HUMAN,1634
CVE-2021-31884,459,1,HUMAN,1732
CVE-2021-31885,321,1,HUMAN,1617
CVE-2021-31886,332,1,HUMAN,1615
CVE-2021-31887,320,1,HUMAN,1619
CVE-2021-31888,304,1,HUMAN,1619
CVE-2021-31889,628,1,HUMAN,1671
CVE-2021-31890,222,1,HUMAN,1834
CVE-2021-41545,33,1,HUMAN,476
CVE-2022-37122,35,1,HUMAN,458
CVE-2022-38371,254,1,HUMAN,1579
CVE-2022-45937,60,1,HUMAN,376

